-- phpMyAdmin SQL Dump
-- version 5.2.1
-- https://www.phpmyadmin.net/
--
-- Servidor: localhost
-- Tiempo de generación: 07-02-2025 a las 13:32:58
-- Versión del servidor: 8.0.30
-- Versión de PHP: 8.1.10

SET SQL_MODE = "NO_AUTO_VALUE_ON_ZERO";
START TRANSACTION;
SET time_zone = "+00:00";


/*!40101 SET @OLD_CHARACTER_SET_CLIENT=@@CHARACTER_SET_CLIENT */;
/*!40101 SET @OLD_CHARACTER_SET_RESULTS=@@CHARACTER_SET_RESULTS */;
/*!40101 SET @OLD_COLLATION_CONNECTION=@@COLLATION_CONNECTION */;
/*!40101 SET NAMES utf8mb4 */;

--
-- Base de datos: `ventas`
--

-- --------------------------------------------------------

--
-- Estructura de tabla para la tabla `autor`
--

CREATE TABLE `autor` (
  `idAutor` int NOT NULL,
  `codigo` varchar(50) NOT NULL,
  `nombre` varchar(100) NOT NULL,
  `biografia` text,
  `paisorigen` varchar(100) DEFAULT NULL
) ENGINE=InnoDB DEFAULT CHARSET=utf8mb4 COLLATE=utf8mb4_0900_ai_ci;

--
-- Volcado de datos para la tabla `autor`
--

INSERT INTO `autor` (`idAutor`, `codigo`, `nombre`, `biografia`, `paisorigen`) VALUES
(2, 'AUT001206', 'Gabriel García Márquez', 'Autor colombiano, premio Nobel de Literatura.', 'Colombia'),
(3, 'AUT0023', 'Jane Austen', 'Autora inglesa de novelas clásicas.', 'Inglaterra'),
(4, 'AUT0035', 'George Orwell', 'Ensayista y novelista británico.', 'Reino Unido');

-- --------------------------------------------------------

--
-- Estructura de tabla para la tabla `caja`
--

CREATE TABLE `caja` (
  `caja_id` int NOT NULL,
  `caja_numero` int NOT NULL,
  `caja_nombre` varchar(100) CHARACTER SET utf8mb3 COLLATE utf8mb3_spanish2_ci NOT NULL,
  `caja_efectivo` decimal(30,2) NOT NULL
) ENGINE=InnoDB DEFAULT CHARSET=utf8mb3 COLLATE=utf8mb3_spanish2_ci;

--
-- Volcado de datos para la tabla `caja`
--

INSERT INTO `caja` (`caja_id`, `caja_numero`, `caja_nombre`, `caja_efectivo`) VALUES
(1, 1, 'Caja Principal', 200000.00);

-- --------------------------------------------------------

--
-- Estructura de tabla para la tabla `categoria`
--

CREATE TABLE `categoria` (
  `categoria_id` int NOT NULL,
  `categoria_nombre` varchar(50) CHARACTER SET utf8mb3 COLLATE utf8mb3_spanish2_ci NOT NULL,
  `categoria_ubicacion` varchar(150) CHARACTER SET utf8mb3 COLLATE utf8mb3_spanish2_ci NOT NULL
) ENGINE=InnoDB DEFAULT CHARSET=utf8mb3 COLLATE=utf8mb3_spanish2_ci;

--
-- Volcado de datos para la tabla `categoria`
--

INSERT INTO `categoria` (`categoria_id`, `categoria_nombre`, `categoria_ubicacion`) VALUES
(1, 'terror', 'neiva'),
(2, 'Drama', 'Guadalupe'),
(3, 'Ficcion', 'neiva'),
(4, 'Historia', 'neiva');

-- --------------------------------------------------------

--
-- Estructura de tabla para la tabla `cliente`
--

CREATE TABLE `cliente` (
  `cliente_id` int NOT NULL,
  `cliente_tipo_documento` varchar(20) CHARACTER SET utf8mb3 COLLATE utf8mb3_spanish2_ci NOT NULL,
  `cliente_numero_documento` varchar(35) CHARACTER SET utf8mb3 COLLATE utf8mb3_spanish2_ci NOT NULL,
  `cliente_nombre` varchar(50) CHARACTER SET utf8mb3 COLLATE utf8mb3_spanish2_ci NOT NULL,
  `cliente_apellido` varchar(50) CHARACTER SET utf8mb3 COLLATE utf8mb3_spanish2_ci NOT NULL,
  `cliente_provincia` varchar(30) CHARACTER SET utf8mb3 COLLATE utf8mb3_spanish2_ci NOT NULL,
  `cliente_ciudad` varchar(30) CHARACTER SET utf8mb3 COLLATE utf8mb3_spanish2_ci NOT NULL,
  `cliente_direccion` varchar(70) CHARACTER SET utf8mb3 COLLATE utf8mb3_spanish2_ci NOT NULL,
  `cliente_telefono` varchar(20) CHARACTER SET utf8mb3 COLLATE utf8mb3_spanish2_ci NOT NULL,
  `cliente_email` varchar(50) CHARACTER SET utf8mb3 COLLATE utf8mb3_spanish2_ci NOT NULL
) ENGINE=InnoDB DEFAULT CHARSET=utf8mb3 COLLATE=utf8mb3_spanish2_ci;

--
-- Volcado de datos para la tabla `cliente`
--

INSERT INTO `cliente` (`cliente_id`, `cliente_tipo_documento`, `cliente_numero_documento`, `cliente_nombre`, `cliente_apellido`, `cliente_provincia`, `cliente_ciudad`, `cliente_direccion`, `cliente_telefono`, `cliente_email`) VALUES
(1, 'Otro', 'N/A', 'Publico', 'General', 'N/A', 'N/A', 'N/A', 'N/A', 'N/A');

-- --------------------------------------------------------

--
-- Estructura de tabla para la tabla `editorial`
--

CREATE TABLE `editorial` (
  `idEditorial` int NOT NULL,
  `codigo` varchar(50) NOT NULL,
  `nombre` varchar(100) NOT NULL,
  `informacioncontacto` text,
  `pais` varchar(100) DEFAULT NULL
) ENGINE=InnoDB DEFAULT CHARSET=utf8mb4 COLLATE=utf8mb4_0900_ai_ci;

--
-- Volcado de datos para la tabla `editorial`
--

INSERT INTO `editorial` (`idEditorial`, `codigo`, `nombre`, `informacioncontacto`, `pais`) VALUES
(1, '123456', 'Planeta', 'safawerasfd ag cvw', 'Estados Unidos'),
(4, '6598745', 'Planeta World', 'ADDSAFSFG', 'Colmbia');

-- --------------------------------------------------------

--
-- Estructura de tabla para la tabla `empresa`
--

CREATE TABLE `empresa` (
  `empresa_id` int NOT NULL,
  `empresa_nombre` varchar(90) CHARACTER SET utf8mb3 COLLATE utf8mb3_spanish2_ci NOT NULL,
  `empresa_telefono` varchar(20) CHARACTER SET utf8mb3 COLLATE utf8mb3_spanish2_ci NOT NULL,
  `empresa_email` varchar(50) CHARACTER SET utf8mb3 COLLATE utf8mb3_spanish2_ci NOT NULL,
  `empresa_direccion` varchar(100) CHARACTER SET utf8mb3 COLLATE utf8mb3_spanish2_ci NOT NULL
) ENGINE=InnoDB DEFAULT CHARSET=utf8mb3 COLLATE=utf8mb3_spanish2_ci;

--
-- Volcado de datos para la tabla `empresa`
--

INSERT INTO `empresa` (`empresa_id`, `empresa_nombre`, `empresa_telefono`, `empresa_email`, `empresa_direccion`) VALUES
(1, 'Allbooks', '3217696864', 'allboooks12@gmail.com', 'calle 38');

-- --------------------------------------------------------

--
-- Estructura de tabla para la tabla `producto`
--

CREATE TABLE `producto` (
  `producto_id` int NOT NULL,
  `producto_codigo` varchar(77) CHARACTER SET utf8mb3 COLLATE utf8mb3_spanish2_ci NOT NULL,
  `producto_nombre` varchar(100) CHARACTER SET utf8mb3 COLLATE utf8mb3_spanish2_ci NOT NULL,
  `producto_stock_total` int NOT NULL,
  `producto_tipo_unidad` varchar(20) CHARACTER SET utf8mb3 COLLATE utf8mb3_spanish2_ci NOT NULL,
  `producto_precio_compra` decimal(30,2) NOT NULL,
  `producto_precio_venta` decimal(30,2) NOT NULL,
  `producto_marca` varchar(35) CHARACTER SET utf8mb3 COLLATE utf8mb3_spanish2_ci NOT NULL,
  `producto_modelo` varchar(35) CHARACTER SET utf8mb3 COLLATE utf8mb3_spanish2_ci NOT NULL,
  `producto_estado` varchar(20) CHARACTER SET utf8mb3 COLLATE utf8mb3_spanish2_ci NOT NULL,
  `producto_foto` varchar(500) CHARACTER SET utf8mb3 COLLATE utf8mb3_spanish2_ci NOT NULL,
  `categoria_id` int NOT NULL,
  `id_subcategoria` int DEFAULT NULL
) ENGINE=InnoDB DEFAULT CHARSET=utf8mb3 COLLATE=utf8mb3_spanish2_ci;

--
-- Volcado de datos para la tabla `producto`
--

INSERT INTO `producto` (`producto_id`, `producto_codigo`, `producto_nombre`, `producto_stock_total`, `producto_tipo_unidad`, `producto_precio_compra`, `producto_precio_venta`, `producto_marca`, `producto_modelo`, `producto_estado`, `producto_foto`, `categoria_id`, `id_subcategoria`) VALUES
(1, '9832', 'Satanas', 29, 'Unidad', 32000.00, 40000.00, 'planeta', 'diez', 'Habilitado', '', 1, 1),
(2, '49382', 'abusp', 46, 'Unidad', 32000.00, 40000.00, 'sklas', 'skals', 'Habilitado', '', 3, NULL),
(3, '99999', 'akelarre', 90, 'Unidad', 52000.00, 60000.00, '2klsals', 'lkskla', 'Habilitado', '', 2, NULL);

-- --------------------------------------------------------

--
-- Estructura de tabla para la tabla `subcategoria`
--

CREATE TABLE `subcategoria` (
  `id_subcategoria` int NOT NULL,
  `nombre` varchar(100) NOT NULL,
  `categoria_id` int NOT NULL
) ENGINE=InnoDB DEFAULT CHARSET=utf8mb4 COLLATE=utf8mb4_0900_ai_ci;

--
-- Volcado de datos para la tabla `subcategoria`
--

INSERT INTO `subcategoria` (`id_subcategoria`, `nombre`, `categoria_id`) VALUES
(1, 'cuento', 2),
(3, ' ficcion romantico', 3),
(4, 'Ejemplo', 1);

-- --------------------------------------------------------

--
-- Estructura de tabla para la tabla `usuario`
--

CREATE TABLE `usuario` (
  `usuario_id` int NOT NULL,
  `usuario_nombre` varchar(50) CHARACTER SET utf8mb3 COLLATE utf8mb3_spanish2_ci NOT NULL,
  `usuario_apellido` varchar(50) CHARACTER SET utf8mb3 COLLATE utf8mb3_spanish2_ci NOT NULL,
  `usuario_email` varchar(50) CHARACTER SET utf8mb3 COLLATE utf8mb3_spanish2_ci NOT NULL,
  `usuario_usuario` varchar(30) CHARACTER SET utf8mb3 COLLATE utf8mb3_spanish2_ci NOT NULL,
  `usuario_clave` varchar(535) CHARACTER SET utf8mb3 COLLATE utf8mb3_spanish2_ci NOT NULL,
  `usuario_foto` varchar(200) CHARACTER SET utf8mb3 COLLATE utf8mb3_spanish2_ci NOT NULL,
  `caja_id` int NOT NULL
) ENGINE=InnoDB DEFAULT CHARSET=utf8mb3 COLLATE=utf8mb3_spanish2_ci;

--
-- Volcado de datos para la tabla `usuario`
--

INSERT INTO `usuario` (`usuario_id`, `usuario_nombre`, `usuario_apellido`, `usuario_email`, `usuario_usuario`, `usuario_clave`, `usuario_foto`, `caja_id`) VALUES
(1, 'Administrador', 'Principal', '', 'admin12', '$2y$10$Jgm6xFb5Onz/BMdIkNK2Tur8yg/NYEMb/tdnhoV7kB1BwIG4R05D2', '', 1),
(2, 'admin', 'admin', 'admin12@gmail.com', 'admin', '$2y$10$/thuywpBusv2fX8U1YwPSOhz8zObbF/9rLJISb1EJ6gHfhi5qSkWW', '', 1);

-- --------------------------------------------------------

--
-- Estructura de tabla para la tabla `venta`
--

CREATE TABLE `venta` (
  `venta_id` int NOT NULL,
  `venta_codigo` varchar(200) CHARACTER SET utf8mb3 COLLATE utf8mb3_spanish2_ci NOT NULL,
  `venta_fecha` date NOT NULL,
  `venta_hora` varchar(17) CHARACTER SET utf8mb3 COLLATE utf8mb3_spanish2_ci NOT NULL,
  `venta_total` decimal(30,2) NOT NULL,
  `venta_pagado` decimal(30,2) NOT NULL,
  `venta_cambio` decimal(30,2) NOT NULL,
  `usuario_id` int NOT NULL,
  `cliente_id` int NOT NULL,
  `caja_id` int NOT NULL
) ENGINE=InnoDB DEFAULT CHARSET=utf8mb3 COLLATE=utf8mb3_spanish2_ci;

--
-- Volcado de datos para la tabla `venta`
--

INSERT INTO `venta` (`venta_id`, `venta_codigo`, `venta_fecha`, `venta_hora`, `venta_total`, `venta_pagado`, `venta_cambio`, `usuario_id`, `cliente_id`, `caja_id`) VALUES
(1, 'E9Q9R7H4B7-1', '2025-02-06', '04:25 pm', 40000.00, 45000.00, 5000.00, 1, 1, 1),
(2, 'T9J6C7T7S5-2', '2025-02-06', '06:26 pm', 160000.00, 170000.00, 10000.00, 1, 1, 1);

-- --------------------------------------------------------

--
-- Estructura de tabla para la tabla `venta_detalle`
--

CREATE TABLE `venta_detalle` (
  `venta_detalle_id` int NOT NULL,
  `venta_detalle_cantidad` int NOT NULL,
  `venta_detalle_precio_compra` decimal(30,2) NOT NULL,
  `venta_detalle_precio_venta` decimal(30,2) NOT NULL,
  `venta_detalle_total` decimal(30,2) NOT NULL,
  `venta_detalle_descripcion` varchar(200) CHARACTER SET utf8mb3 COLLATE utf8mb3_spanish2_ci NOT NULL,
  `venta_codigo` varchar(200) CHARACTER SET utf8mb3 COLLATE utf8mb3_spanish2_ci NOT NULL,
  `producto_id` int NOT NULL
) ENGINE=InnoDB DEFAULT CHARSET=utf8mb3 COLLATE=utf8mb3_spanish2_ci;

--
-- Volcado de datos para la tabla `venta_detalle`
--

INSERT INTO `venta_detalle` (`venta_detalle_id`, `venta_detalle_cantidad`, `venta_detalle_precio_compra`, `venta_detalle_precio_venta`, `venta_detalle_total`, `venta_detalle_descripcion`, `venta_codigo`, `producto_id`) VALUES
(1, 1, 32000.00, 40000.00, 40000.00, 'Satanas', 'E9Q9R7H4B7-1', 1),
(2, 4, 32000.00, 40000.00, 160000.00, 'abusp', 'T9J6C7T7S5-2', 2);

--
-- Índices para tablas volcadas
--

--
-- Indices de la tabla `autor`
--
ALTER TABLE `autor`
  ADD PRIMARY KEY (`idAutor`);

--
-- Indices de la tabla `caja`
--
ALTER TABLE `caja`
  ADD PRIMARY KEY (`caja_id`);

--
-- Indices de la tabla `categoria`
--
ALTER TABLE `categoria`
  ADD PRIMARY KEY (`categoria_id`);

--
-- Indices de la tabla `cliente`
--
ALTER TABLE `cliente`
  ADD PRIMARY KEY (`cliente_id`);

--
-- Indices de la tabla `editorial`
--
ALTER TABLE `editorial`
  ADD PRIMARY KEY (`idEditorial`);

--
-- Indices de la tabla `empresa`
--
ALTER TABLE `empresa`
  ADD PRIMARY KEY (`empresa_id`);

--
-- Indices de la tabla `producto`
--
ALTER TABLE `producto`
  ADD PRIMARY KEY (`producto_id`),
  ADD KEY `categoria_id` (`categoria_id`),
  ADD KEY `id_subcategoria` (`id_subcategoria`);

--
-- Indices de la tabla `subcategoria`
--
ALTER TABLE `subcategoria`
  ADD PRIMARY KEY (`id_subcategoria`),
  ADD KEY `categoria_id` (`categoria_id`);

--
-- Indices de la tabla `usuario`
--
ALTER TABLE `usuario`
  ADD PRIMARY KEY (`usuario_id`),
  ADD KEY `caja_id` (`caja_id`);

--
-- Indices de la tabla `venta`
--
ALTER TABLE `venta`
  ADD PRIMARY KEY (`venta_id`),
  ADD UNIQUE KEY `venta_codigo` (`venta_codigo`),
  ADD KEY `usuario_id` (`usuario_id`),
  ADD KEY `cliente_id` (`cliente_id`),
  ADD KEY `caja_id` (`caja_id`);

--
-- Indices de la tabla `venta_detalle`
--
ALTER TABLE `venta_detalle`
  ADD PRIMARY KEY (`venta_detalle_id`),
  ADD KEY `venta_id` (`venta_codigo`),
  ADD KEY `producto_id` (`producto_id`);

--
-- AUTO_INCREMENT de las tablas volcadas
--

--
-- AUTO_INCREMENT de la tabla `autor`
--
ALTER TABLE `autor`
  MODIFY `idAutor` int NOT NULL AUTO_INCREMENT, AUTO_INCREMENT=6;

--
-- AUTO_INCREMENT de la tabla `caja`
--
ALTER TABLE `caja`
  MODIFY `caja_id` int NOT NULL AUTO_INCREMENT, AUTO_INCREMENT=2;

--
-- AUTO_INCREMENT de la tabla `categoria`
--
ALTER TABLE `categoria`
  MODIFY `categoria_id` int NOT NULL AUTO_INCREMENT, AUTO_INCREMENT=5;

--
-- AUTO_INCREMENT de la tabla `cliente`
--
ALTER TABLE `cliente`
  MODIFY `cliente_id` int NOT NULL AUTO_INCREMENT, AUTO_INCREMENT=2;

--
-- AUTO_INCREMENT de la tabla `editorial`
--
ALTER TABLE `editorial`
  MODIFY `idEditorial` int NOT NULL AUTO_INCREMENT, AUTO_INCREMENT=5;

--
-- AUTO_INCREMENT de la tabla `empresa`
--
ALTER TABLE `empresa`
  MODIFY `empresa_id` int NOT NULL AUTO_INCREMENT, AUTO_INCREMENT=2;

--
-- AUTO_INCREMENT de la tabla `producto`
--
ALTER TABLE `producto`
  MODIFY `producto_id` int NOT NULL AUTO_INCREMENT, AUTO_INCREMENT=4;

--
-- AUTO_INCREMENT de la tabla `subcategoria`
--
ALTER TABLE `subcategoria`
  MODIFY `id_subcategoria` int NOT NULL AUTO_INCREMENT, AUTO_INCREMENT=5;

--
-- AUTO_INCREMENT de la tabla `usuario`
--
ALTER TABLE `usuario`
  MODIFY `usuario_id` int NOT NULL AUTO_INCREMENT, AUTO_INCREMENT=3;

--
-- AUTO_INCREMENT de la tabla `venta`
--
ALTER TABLE `venta`
  MODIFY `venta_id` int NOT NULL AUTO_INCREMENT, AUTO_INCREMENT=3;

--
-- AUTO_INCREMENT de la tabla `venta_detalle`
--
ALTER TABLE `venta_detalle`
  MODIFY `venta_detalle_id` int NOT NULL AUTO_INCREMENT, AUTO_INCREMENT=3;

--
-- Restricciones para tablas volcadas
--

--
-- Filtros para la tabla `producto`
--
ALTER TABLE `producto`
  ADD CONSTRAINT `producto_ibfk_2` FOREIGN KEY (`categoria_id`) REFERENCES `categoria` (`categoria_id`),
  ADD CONSTRAINT `producto_ibfk_3` FOREIGN KEY (`id_subcategoria`) REFERENCES `subcategoria` (`id_subcategoria`);

--
-- Filtros para la tabla `subcategoria`
--
ALTER TABLE `subcategoria`
  ADD CONSTRAINT `subcategoria_ibfk_1` FOREIGN KEY (`categoria_id`) REFERENCES `categoria` (`categoria_id`) ON DELETE CASCADE ON UPDATE CASCADE;

--
-- Filtros para la tabla `venta`
--
ALTER TABLE `venta`
  ADD CONSTRAINT `venta_ibfk_1` FOREIGN KEY (`usuario_id`) REFERENCES `usuario` (`usuario_id`),
  ADD CONSTRAINT `venta_ibfk_2` FOREIGN KEY (`cliente_id`) REFERENCES `cliente` (`cliente_id`),
  ADD CONSTRAINT `venta_ibfk_3` FOREIGN KEY (`caja_id`) REFERENCES `caja` (`caja_id`);

--
-- Filtros para la tabla `venta_detalle`
--
ALTER TABLE `venta_detalle`
  ADD CONSTRAINT `venta_detalle_ibfk_2` FOREIGN KEY (`producto_id`) REFERENCES `producto` (`producto_id`),
  ADD CONSTRAINT `venta_detalle_ibfk_3` FOREIGN KEY (`venta_codigo`) REFERENCES `venta` (`venta_codigo`);
COMMIT;

/*!40101 SET CHARACTER_SET_CLIENT=@OLD_CHARACTER_SET_CLIENT */;
/*!40101 SET CHARACTER_SET_RESULTS=@OLD_CHARACTER_SET_RESULTS */;
/*!40101 SET COLLATION_CONNECTION=@OLD_COLLATION_CONNECTION */;
